timestamp(ms),DataLoss,Millisekunden_pro_100000_Nachrichten,
"1705343813.363","0",,
"1705343813.365",,"49890",
"1705343864.256","0",,
"1705343864.258",,"50894",
"1705343915.149","0",,
"1705343915.151",,"50894",
"1705343966.042","0",,
"1705343966.044",,"50894",
"1705344016.935","0",,
"1705344016.937",,"50894",
"1705344067.829","0",,
"1705344067.831",,"50895",
"1705344118.723","0",,
"1705344118.724",,"50894",
"1705344169.616","0",,
"1705344169.619",,"50895",
"1705344220.509","0",,
"1705344220.511",,"50894",
"1705344271.401","0",,
"1705344271.403",,"50892",
"1705344322.293","0",,
"1705344322.296",,"50894",
"1705344373.186","0",,
"1705344373.188",,"50893",
"1705344424.079","0",,
"1705344424.081",,"50894",
"1705344474.973","0",,
"1705344474.976",,"50896",
"1705344525.867","0",,
"1705344525.869",,"50894",
"1705344576.759","0",,
"1705344576.762",,"50894",
"1705344627.653","0",,
"1705344627.655",,"50894",
"1705344678.547","0",,
"1705344678.549",,"50895",
"1705344729.44","0",,
"1705344729.443",,"50895",
"1705344780.334","0",,
"1705344780.336",,"50894",
"1705344831.227","0",,
"1705344831.229",,"50893",
"1705344882.12","0",,
"1705344882.122",,"50895",
"1705344933.013","0",,
"1705344933.016",,"50894",
"1705344983.907","0",,
"1705344983.91",,"50895",
"1705345034.801","0",,
"1705345034.803",,"50894",
"1705345085.693","0",,
"1705345085.695",,"50894",
"1705345136.585","0",,
"1705345136.588",,"50893",
"1705345187.477","0",,
"1705345187.48",,"50893",
"1705345238.369","0",,
"1705345238.371",,"50893",
"1705345289.261","0",,
"1705345289.264",,"50893",
"1705345340.155","0",,
"1705345340.157",,"50894",
"1705345391.047","0",,
"1705345391.05",,"50893",
"1705345441.939","0",,
"1705345441.942",,"50894",
"1705345492.831","0",,
"1705345492.834",,"50893",
"1705345543.723","0",,
"1705345543.726",,"50892",
"1705345594.615","0",,
"1705345594.617",,"50893",
"1705345645.506","0",,
"1705345645.509",,"50892",
"1705345696.4","0",,
"1705345696.401",,"50894",
"1705345747.291","0",,
"1705345747.293",,"50893",
"1705345798.183","0",,
"1705345798.186",,"50893",
"1705345849.078","0",,
"1705345849.08",,"50896",
"1705345899.972","0",,
"1705345899.974",,"50894",
"1705345950.865","0",,
"1705345950.868",,"50895",
"1705346001.758","0",,
"1705346001.761",,"50894",
"1705346052.652","0",,
"1705346052.654",,"50894",
"1705346103.544","0",,
"1705346103.547",,"50894",
"1705346154.437","0",,
"1705346154.439",,"50893",
"1705346205.329","0",,
"1705346205.331",,"50893",
"1705346256.221","0",,
"1705346256.223",,"50893",
"1705346307.112","0",,
"1705346307.115",,"50892",
"1705346358.003","0",,
"1705346358.005",,"50892",
"1705346408.893","0",,
"1705346408.895",,"50891",
"1705346459.784","0",,
"1705346459.787",,"50892",
"1705346510.676","0",,
"1705346510.678",,"50893",
"1705346561.567","0",,
"1705346561.569",,"50892",
"1705346612.458","0",,
"1705346612.46",,"50892",
"1705346663.348","0",,
"1705346663.351",,"50891",
"1705346714.239","0",,
"1705346714.241",,"50892",
"1705346765.13","0",,
"1705346765.132",,"50891",
"1705346816.021","0",,
"1705346816.023",,"50892",
"1705346866.912","0",,
"1705346866.914",,"50893",
"1705346917.804","0",,
"1705346917.806",,"50892",
"1705346968.695","0",,
"1705346968.698",,"50893",
"1705347019.585","0",,
"1705347019.588",,"50891",
"1705347070.476","0",,
"1705347070.478",,"50892",
"1705347121.368","0",,
"1705347121.37",,"50892",
"1705347172.258","0",,
"1705347172.261",,"50892",
"1705347223.15","0",,
"1705347223.152",,"50892",
"1705347274.041","0",,
"1705347274.044",,"50893",
"1705347324.933","0",,
"1705347324.935",,"50892",
"1705347375.824","0",,
"1705347375.827",,"50892",
"1705347426.717","0",,
"1705347426.719",,"50893",
"1705347477.608","0",,
"1705347477.611",,"50893",
"1705347528.501","0",,
"1705347528.503",,"50893",
"1705347579.393","0",,
"1705347579.396",,"50894",
"1705347630.286","0",,
"1705347630.289",,"50894",
"1705347681.179","0",,
"1705347681.181",,"50894",
"1705347732.073","0",,
"1705347732.075",,"50894",
"1705347782.965","0",,
"1705347782.967",,"50893",
"1705347833.858","0",,
"1705347833.86",,"50894",
"1705347884.75","0",,
"1705347884.752",,"50894",
"1705347935.643","0",,
"1705347935.645",,"50893",
"1705347986.535","0",,
"1705347986.537",,"50893",
"1705348037.427","0",,
"1705348037.429",,"50894",
"1705348088.318","0",,
"1705348088.321",,"50892",
"1705348139.211","0",,
"1705348139.213",,"50893",
"1705348190.103","0",,
"1705348190.105",,"50892",
"1705348240.993","0",,
"1705348240.996",,"50892",
"1705348291.885","0",,
"1705348291.887",,"50892",
"1705348342.776","0",,
"1705348342.778",,"50893",
"1705348393.667","0",,
"1705348393.67",,"50892",
"1705348444.567","0",,
"1705348444.568",,"50894",
"1705348495.452","0",,
"1705348495.457",,"50893",
"1705348546.345","0",,
"1705348546.347",,"50893",
"1705348597.237","0",,
"1705348597.239",,"50893",
"1705348648.13","0",,
"1705348648.132",,"50894",
"1705348699.022","0",,
"1705348699.024",,"50893",
"1705348749.914","0",,
"1705348749.917",,"50894",
"1705348800.807","0",,
"1705348800.809",,"50893",
"1705348851.699","0",,
"1705348851.701",,"50893",
"1705348902.591","0",,
"1705348902.593",,"50893",
"1705348953.484","0",,
"1705348953.486",,"50894",
"1705349004.376","0",,
"1705349004.378",,"50893",
"1705349055.268","0",,
"1705349055.271",,"50893",
"1705349106.16","0",,
"1705349106.163",,"50893",
"1705349157.053","0",,
"1705349157.055",,"50894",
"1705349207.944","0",,
"1705349207.947",,"50892",
"1705349258.836","0",,
"1705349258.839",,"50893",
"1705349309.728","0",,
"1705349309.731",,"50893",
"1705349360.621","0",,
"1705349360.624",,"50894",
"1705349411.513","0",,
"1705349411.515",,"50892",
"1705349462.405","0",,
"1705349462.407",,"50893",
"1705349513.296","0",,
"1705349513.299",,"50893",
"1705349564.188","0",,
"1705349564.191",,"50893",
"1705349615.08","0",,
"1705349615.082",,"50892",
"1705349665.971","0",,
"1705349665.973",,"50892",
"1705349716.863","0",,
"1705349716.865",,"50893",
"1705349767.755","0",,
"1705349767.757",,"50893",
"1705349818.646","0",,
"1705349818.648",,"50892",
"1705349869.538","0",,
"1705349869.54",,"50893",
"1705349920.429","0",,
"1705349920.431",,"50891",
"1705349971.319","0",,
"1705349971.322",,"50892",
"1705350022.21","0",,
"1705350022.212",,"50891",
"1705350073.105","0",,
"1705350073.106",,"50892",
"1705350123.991","0",,
"1705350123.993",,"50892",
"1705350174.881","0",,
"1705350174.884",,"50891",
"1705350225.772","0",,
"1705350225.774",,"50891",
"1705350276.663","0",,
"1705350276.665",,"50892",
"1705350327.554","0",,
"1705350327.556",,"50892",
"1705350378.445","0",,
"1705350378.447",,"50892",
"1705350429.338","0",,
"1705350429.34",,"50894",
"1705350480.228","0",,
"1705350480.231",,"50891",
"1705350531.119","0",,
"1705350531.121",,"50892",
"1705350582.011","0",,
"1705350582.013",,"50893",
"1705350632.903","0",,
"1705350632.905",,"50893",
"1705350683.795","0",,
"1705350683.798",,"50893",
"1705350734.688","0",,
"1705350734.69",,"50894",
"1705350785.58","0",,
"1705350785.582",,"50893",
"1705350836.471","0",,
"1705350836.474",,"50892",
"1705350887.364","0",,
"1705350887.366",,"50893",
"1705350938.255","0",,
"1705350938.257",,"50893",
"1705350989.147","0",,
"1705350989.149",,"50893",
"1705351040.038","0",,
"1705351040.041",,"50892",
"1705351090.928","0",,
"1705351090.931",,"50891",
"1705351141.82","0",,
"1705351141.822",,"50892",
"1705351192.711","0",,
"1705351192.713",,"50893",
"1705351243.602","0",,
"1705351243.604",,"50892",
"1705351294.493","0",,
"1705351294.495",,"50891",
"1705351345.385","0",,
"1705351345.387",,"50893",
"1705351396.276","0",,
"1705351396.278",,"50892",
"1705351447.167","0",,
"1705351447.169",,"50892",
"1705351498.059","0",,
"1705351498.062",,"50893",
"1705351548.95","0",,
"1705351548.952",,"50892",
"1705351599.841","0",,
"1705351599.843",,"50892",
"1705351650.732","0",,
"1705351650.734",,"50892",
"1705351701.623","0",,
"1705351701.625",,"50892",
"1705351752.513","0",,
"1705351752.515",,"50891",
"1705351803.403","0",,
"1705351803.406",,"50891",
"1705351854.294","0",,
"1705351854.297",,"50892",
"1705351905.186","0",,
"1705351905.188",,"50893",
"1705351956.076","0",,
"1705351956.079",,"50891",
"1705352006.967","0",,
"1705352006.969",,"50892",
"1705352057.858","0",,
"1705352057.86",,"50892",
"1705352108.748","0",,
"1705352108.75",,"50891",
"1705352159.638","0",,
"1705352159.64",,"50890",
"1705352210.527","0",,
"1705352210.53",,"50891",
"1705352261.417","0",,
"1705352261.419",,"50890",
"1705352312.306","0",,
"1705352312.308",,"50890",
"1705352363.197","0",,
"1705352363.199",,"50892",
"1705352414.088","0",,
"1705352414.09",,"50892",
"1705352464.979","0",,
"1705352464.982",,"50893",
"1705352515.871","0",,
"1705352515.873",,"50892",
"1705352566.762","0",,
"1705352566.764",,"50892",
"1705352617.653","0",,
"1705352617.656",,"50892",
"1705352668.545","0",,
"1705352668.547",,"50893",
"1705352719.436","0",,
"1705352719.439",,"50892",
"1705352770.327","0",,
"1705352770.329",,"50892",
"1705352821.218","0",,
"1705352821.22",,"50892",
"1705352872.109","0",,
"1705352872.111",,"50892",
"1705352923","0",,
"1705352923.002",,"50892",
"1705352973.892","0",,
"1705352973.894",,"50893",
"1705353024.784","0",,
"1705353024.786",,"50893",
"1705353075.676","0",,
"1705353075.68",,"50892",
"1705353126.567","0",,
"1705353126.569",,"50892",
"1705353177.459","0",,
"1705353177.461",,"50893",
"1705353228.35","0",,
"1705353228.352",,"50892",
"1705353279.24","0",,
"1705353279.243",,"50891",
"1705353330.131","0",,
"1705353330.134",,"50892",
"1705353381.022","0",,
"1705353381.025",,"50892",
"1705353431.916","0",,
"1705353431.917",,"50893",
"1705353482.806","0",,
"1705353482.807",,"50892",
"1705353533.697","0",,
"1705353533.699",,"50892",
"1705353584.588","0",,
"1705353584.59",,"50893",
"1705353635.479","0",,
"1705353635.481",,"50892",
"1705353686.371","0",,
"1705353686.374",,"50893",
"1705353737.263","0",,
"1705353737.265",,"50892",
"1705353788.153","0",,
"1705353788.156",,"50892",
"1705353839.045","0",,
"1705353839.047",,"50892",
"1705353889.936","0",,
"1705353889.939",,"50893",
"1705353940.828","0",,
"1705353940.83",,"50892",
"1705353991.72","0",,
"1705353991.722",,"50893",
"1705354042.611","0",,
"1705354042.613",,"50892",
"1705354093.502","0",,
"1705354093.504",,"50892",
"1705354144.393","0",,
"1705354144.395",,"50892",
"1705354195.285","0",,
"1705354195.287",,"50893",
"1705354246.177","0",,
"1705354246.179",,"50893",
"1705354297.069","0",,
"1705354297.071",,"50893",
"1705354347.962","0",,
"1705354347.964",,"50894",
"1705354398.854","0",,
"1705354398.857",,"50893",
"1705354449.747","0",,
"1705354449.749",,"50894",
"1705354500.64","0",,
"1705354500.642",,"50894",
"1705354551.532","0",,
"1705354551.534",,"50892",
"1705354602.424","0",,
"1705354602.426",,"50894",
"1705354653.317","0",,
"1705354653.319",,"50893",
"1705354704.209","0",,
"1705354704.211",,"50894",
"1705354755.102","0",,
"1705354755.105",,"50894",
"1705354805.995","0",,
"1705354805.998",,"50894",
"1705354856.889","0",,
"1705354856.891",,"50894",
"1705354907.782","0",,
"1705354907.784",,"50894",
"1705354958.675","0",,
"1705354958.677",,"50894",
"1705355009.568","0",,
"1705355009.57",,"50894",
"1705355060.462","0",,
"1705355060.464",,"50895",
"1705355111.355","0",,
"1705355111.358",,"50894",
"1705355162.249","0",,
"1705355162.25",,"50894",
"1705355213.14","0",,
"1705355213.142",,"50893",
"1705355264.033","0",,
"1705355264.035",,"50894",
"1705355314.925","0",,
"1705355314.928",,"50893",
"1705355365.818","0",,
"1705355365.82",,"50893",
"1705355416.711","0",,
"1705355416.713",,"50894",
"1705355467.603","0",,
"1705355467.606",,"50894",
"1705355518.496","0",,
"1705355518.498",,"50893",
"1705355569.389","0",,
"1705355569.391",,"50894",
"1705355620.282","0",,
"1705355620.284",,"50894",
"1705355671.175","0",,
"1705355671.177",,"50894",
"1705355722.067","0",,
"1705355722.07",,"50893",
"1705355772.96","0",,
"1705355772.962",,"50894",
"1705355823.854","0",,
"1705355823.856",,"50895",
"1705355874.747","0",,
"1705355874.749",,"50894",
"1705355925.641","0",,
"1705355925.643",,"50895",
"1705355976.534","0",,
"1705355976.537",,"50894",
"1705356027.427","0",,
"1705356027.429",,"50894",
"1705356078.32","0",,
"1705356078.322",,"50893",
"1705356129.212","0",,
"1705356129.214",,"50894",
"1705356180.104","0",,
"1705356180.107",,"50893",
"1705356230.997","0",,
"1705356230.999",,"50893",
"1705356281.888","0",,
"1705356281.891",,"50893",
"1705356332.781","0",,
"1705356332.783",,"50894",
"1705356383.675","0",,
"1705356383.677",,"50894",
"1705356434.568","0",,
"1705356434.57",,"50894",
"1705356485.46","0",,
"1705356485.462",,"50893",
"1705356536.354","0",,
"1705356536.356",,"50894",
"1705356587.247","0",,
"1705356587.249",,"50895",
"1705356638.139","0",,
"1705356638.142",,"50893",
"1705356689.032","0",,
"1705356689.034",,"50894",
"1705356739.925","0",,
"1705356739.927",,"50894",
"1705356790.818","0",,
"1705356790.821",,"50894",
"1705356841.712","0",,
"1705356841.715",,"50895",
"1705356892.605","0",,
"1705356892.607",,"50893",
"1705356943.499","0",,
"1705356943.501",,"50895",
"1705356994.391","0",,
"1705356994.394",,"50894",
"1705357045.285","0",,
"1705357045.287",,"50894",
"1705357096.177","0",,
"1705357096.179",,"50893",
"1705357147.069","0",,
"1705357147.072",,"50893",
"1705357197.962","0",,
"1705357197.964",,"50894",
"1705357248.855","0",,
"1705357248.857",,"50894",
"1705357299.748","0",,
"1705357299.751",,"50894",
"1705357350.642","0",,
"1705357350.645",,"50895",
"1705357401.539","0",,
"1705357401.54",,"50896",
"1705357452.43","0",,
"1705357452.432",,"50894",
"1705357503.323","0",,
"1705357503.325",,"50893",
"1705357554.215","0",,
"1705357554.218",,"50894",
"1705357605.108","0",,
"1705357605.11",,"50893",
"1705357656.002","0",,
"1705357656.004",,"50895",
"1705357706.894","0",,
"1705357706.897",,"50893",
"1705357757.786","0",,
"1705357757.788",,"50893",
"1705357808.677","0",,
"1705357808.679",,"50892",
"1705357859.567","0",,
"1705357859.569",,"50891",
"1705357910.46","0",,
"1705357910.462",,"50894",
"1705357961.353","0",,
"1705357961.355",,"50894",
"1705358012.244","0",,
"1705358012.246",,"50892",
"1705358063.135","0",,
"1705358063.137",,"50892",
"1705358114.026","0",,
"1705358114.029",,"50892",
"1705358164.924","0",,
"1705358164.925",,"50892",
"1705358215.809","0",,
"1705358215.811",,"50892",
"1705358266.7","0",,
"1705358266.702",,"50892",
"1705358317.592","0",,
"1705358317.594",,"50893",
"1705358368.482","0",,
"1705358368.485",,"50892",
"1705358419.375","0",,
"1705358419.378",,"50894",
"1705358470.268","0",,
"1705358470.271",,"50893",
"1705358521.161","0",,
"1705358521.163",,"50894",
"1705358572.053","0",,
"1705358572.056",,"50894",
"1705358622.948","0",,
"1705358622.949",,"50894",
"1705358673.838","0",,
"1705358673.841",,"50893",
"1705358724.731","0",,
"1705358724.733",,"50892",
"1705358775.622","0",,
"1705358775.625",,"50893",
"1705358826.515","0",,
"1705358826.517",,"50893",
"1705358877.407","0",,
"1705358877.409",,"50894",
"1705358928.298","0",,
"1705358928.3",,"50892",
"1705358979.19","0",,
"1705358979.192",,"50893",
"1705359030.082","0",,
"1705359030.084",,"50892",
"1705359080.973","0",,
"1705359080.975",,"50892",
"1705359131.865","0",,
"1705359131.867",,"50893",
"1705359182.756","0",,
"1705359182.758",,"50892",
"1705359233.649","0",,
"1705359233.651",,"50894",
"1705359284.54","0",,
"1705359284.542",,"50892",
"1705359335.432","0",,
"1705359335.434",,"50893",
"1705359386.323","0",,
"1705359386.326",,"50892",
"1705359437.215","0",,
"1705359437.218",,"50893",
"1705359488.106","0",,
"1705359488.109",,"50892",
"1705359538.998","0",,
"1705359539.001",,"50893",
"1705359589.89","0",,
"1705359589.893",,"50893",
"1705359640.782","0",,
"1705359640.784",,"50892",
"1705359691.674","0",,
"1705359691.676",,"50893",
"1705359742.566","0",,
"1705359742.569",,"50893",
"1705359793.458","0",,
"1705359793.46",,"50892",
"1705359844.351","0",,
"1705359844.353",,"50894",
"1705359895.244","0",,
"1705359895.246",,"50894",
"1705359946.136","0",,
"1705359946.138",,"50893",
"1705359997.028","0",,
"1705359997.03",,"50893",
"1705360047.92","0",,
"1705360047.922",,"50893",
"1705360098.812","0",,
"1705360098.814",,"50893",
"1705360149.705","0",,
"1705360149.707",,"50894",
"1705360200.597","0",,
"1705360200.599",,"50893",
"1705360251.49","0",,
"1705360251.492",,"50894",
"1705360302.397","0",,
"1705360302.405",,"50893",
"1705360353.274","0",,
"1705360353.276",,"50893",
"1705360404.166","0",,
"1705360404.168",,"50892",
"1705360455.058","0",,
"1705360455.061",,"50894",
"1705360505.951","0",,
"1705360505.953",,"50893",
"1705360556.843","0",,
"1705360556.845",,"50893",
"1705360607.735","0",,
"1705360607.737",,"50893",
"1705360658.627","0",,
"1705360658.63",,"50893",
"1705360709.519","0",,
"1705360709.522",,"50894",
"1705360760.412","0",,
"1705360760.414",,"50893",
"1705360811.304","0",,
"1705360811.306",,"50893",
"1705360862.196","0",,
"1705360862.198",,"50892",
"1705360913.086","0",,
"1705360913.089",,"50892",
"1705360963.978","0",,
"1705360963.98",,"50893",
"1705361014.869","0",,
"1705361014.871",,"50892",
"1705361065.76","0",,
"1705361065.763",,"50892",
"1705361116.653","0",,
"1705361116.655",,"50893",
"1705361167.546","0",,
"1705361167.548",,"50895",
"1705361218.439","0",,
"1705361218.441",,"50893",
"1705361269.332","0",,
"1705361269.334",,"50894",
"1705361320.225","0",,
"1705361320.227",,"50894",
"1705361371.118","0",,
"1705361371.121",,"50895",
"1705361422.012","0",,
"1705361422.014",,"50894",
"1705361472.906","0",,
"1705361472.908",,"50895",
"1705361523.801","0",,
"1705361523.803",,"50895",
"1705361574.695","0",,
"1705361574.697",,"50896",
"1705361625.59","0",,
"1705361625.593",,"50896",
"1705361676.484","0",,
"1705361676.487",,"50895",
"1705361727.379","0",,
"1705361727.382",,"50896",
"1705361778.274","0",,
"1705361778.276",,"50896",
"1705361829.177","0",,
"1705361829.178",,"50895",
"1705361880.062","0",,
"1705361880.065",,"50895",
"1705361930.957","0",,
"1705361930.959",,"50896",
"1705361981.851","0",,
"1705361981.854",,"50895",
"1705362032.746","0",,
"1705362032.748",,"50895",
"1705362083.64","0",,
"1705362083.642",,"50895",
"1705362134.534","0",,
"1705362134.536",,"50896",
"1705362185.43","0",,
"1705362185.431",,"50895",
"1705362236.323","0",,
"1705362236.325",,"50895",
"1705362287.22","0","50896",
"1705362338.113","0",,
"1705362338.115",,"50896",
"1705362389.007","0",,
"1705362389.01",,"50895",
"1705362439.901","0",,
"1705362439.904",,"50896",
"1705362490.796","0",,
"1705362490.798",,"50895",
"1705362541.69","0",,
"1705362541.692",,"50895",
"1705362592.584","0",,
"1705362592.586",,"50895",
"1705362643.479","0",,
"1705362643.481",,"50895",
"1705362694.375","0",,
"1705362694.377",,"50897",
"1705362745.269","0",,
"1705362745.271",,"50895",
"1705362796.162","0",,
"1705362796.164",,"50894",
"1705362847.056","0",,
"1705362847.058",,"50895",
"1705362897.95","0",,
"1705362897.952",,"50895",
"1705362948.844","0",,
"1705362948.846",,"50895",
"1705362999.737","0",,
"1705362999.74",,"50895",
"1705363050.631","0",,
"1705363050.633",,"50895",
"1705363101.527","0",,
"1705363101.529",,"50896",
"1705363152.422","0",,
"1705363152.424",,"50896",
"1705363203.316","0",,
"1705363203.318",,"50895",
"1705363254.21","0",,
"1705363254.213",,"50895",
"1705363305.105","0",,
"1705363305.107",,"50895",
"1705363355.999","0",,
"1705363356.001",,"50895",
"1705363406.893","0",,
"1705363406.896",,"50896",
"1705363457.787","0",,
"1705363457.789",,"50895",
"1705363508.681","0",,
"1705363508.683",,"50894",
"1705363559.575","0",,
"1705363559.578",,"50895",
"1705363610.469","0",,
"1705363610.472",,"50896",
"1705363661.364","0",,
"1705363661.366",,"50895",
"1705363712.257","0",,
"1705363712.259",,"50894",
"1705363763.151","0",,
"1705363763.153",,"50895",
"1705363814.045","0",,
"1705363814.047",,"50895",
"1705363864.939","0",,
"1705363864.941",,"50895",
"1705363915.833","0",,
"1705363915.835",,"50894",
"1705363966.727","0",,
"1705363966.729",,"50895",
"1705364017.621","0",,
"1705364017.623",,"50896",
"1705364068.514","0",,
"1705364068.516",,"50894",
"1705364119.407","0",,
"1705364119.409",,"50893",
"1705364170.299","0",,
"1705364170.301",,"50893",
"1705364221.19","0",,
"1705364221.192",,"50892",
"1705364272.081","0",,
"1705364272.084",,"50893",
"1705364322.974","0",,
"1705364322.975",,"50892",
"1705364373.865","0",,
"1705364373.868",,"50894",
"1705364424.76","0",,
"1705364424.762",,"50895",
"1705364475.654","0",,
"1705364475.657",,"50895",
"1705364526.549","0",,
"1705364526.551",,"50896",
"1705364577.442","0",,
"1705364577.444",,"50894",
"1705364628.335","0",,
"1705364628.337",,"50894",
"1705364679.227","0",,
"1705364679.229",,"50893",
"1705364730.12","0",,
"1705364730.122",,"50894",
"1705364781.012","0",,
"1705364781.014",,"50893",
"1705364831.905","0",,
"1705364831.907",,"50894",
"1705364882.799","0",,
"1705364882.801",,"50894",
"1705364933.691","0",,
"1705364933.693",,"50893",
"1705364984.582","0",,
"1705364984.585",,"50893",
"1705365035.475","0",,
"1705365035.477",,"50893",
"1705365086.367","0",,
"1705365086.37",,"50893",
"1705365137.259","0",,
"1705365137.261",,"50893",
"1705365188.151","0",,
"1705365188.154",,"50893",
"1705365239.044","0",,
"1705365239.046",,"50893",
"1705365289.938","0",,
"1705365289.939",,"50894",
"1705365340.829","0",,
"1705365340.831",,"50893",
"1705365391.721","0",,
"1705365391.724",,"50894",
"1705365442.614","0",,
"1705365442.617",,"50894",
"1705365493.506","0",,
"1705365493.509",,"50893",
"1705365544.398","0",,
"1705365544.4",,"50893",
"1705365595.29","0",,
"1705365595.292",,"50892",
"1705365646.184","0",,
"1705365646.186",,"50895",
"1705365697.077","0",,
"1705365697.079",,"50894",
"1705365747.969","0",,
"1705365747.972",,"50894",
"1705365798.862","0",,
"1705365798.865",,"50894",
"1705365849.756","0",,
"1705365849.758",,"50894",
"1705365900.648","0",,
"1705365900.65",,"50893",
"1705365951.54","0",,
"1705365951.543",,"50893",
"1705366002.434","0",,
"1705366002.436",,"50895",
"1705366053.327","0",,
"1705366053.329",,"50894",
"1705366104.22","0",,
"1705366104.223",,"50894",
"1705366155.113","0",,
"1705366155.116",,"50894",
"1705366206.006","0",,
"1705366206.008",,"50893",
"1705366256.899","0",,
"1705366256.901",,"50894",
"1705366307.793","0",,
"1705366307.795",,"50895",
"1705366358.686","0",,
"1705366358.689",,"50895",
"1705366409.579","0",,
"1705366409.582",,"50894",
"1705366460.473","0",,
"1705366460.475",,"50894",
"1705366511.367","0",,
"1705366511.369",,"50895",
"1705366562.26","0",,
"1705366562.263",,"50895",
"1705366613.153","0",,
"1705366613.156",,"50894",
"1705366664.047","0",,
"1705366664.049",,"50894",
"1705366714.939","0",,
"1705366714.942",,"50894",
"1705366765.834","0",,
"1705366765.836",,"50894",
"1705366816.727","0",,
"1705366816.729",,"50894",
"1705366867.619","0",,
"1705366867.621",,"50894",
"1705366918.512","0",,
"1705366918.514",,"50894",
"1705366969.405","0",,
"1705366969.407",,"50894",
"1705367020.299","0",,
"1705367020.301",,"50894",
"1705367071.192","0",,
"1705367071.195",,"50895",
"1705367122.087","0",,
"1705367122.089",,"50895",
"1705367172.98","0",,
"1705367172.983",,"50895",
"1705367223.874","0",,
"1705367223.877",,"50895",
"1705367274.769","0",,
"1705367274.771",,"50895",
"1705367325.662","0",,
"1705367325.664",,"50894",
"1705367376.556","0",,
"1705367376.558",,"50895",
"1705367427.449","0",,
"1705367427.452",,"50894",
"1705367478.343","0",,
"1705367478.345",,"50895",
"1705367529.237","0",,
"1705367529.239",,"50895",
"1705367580.131","0",,
"1705367580.133",,"50895",
"1705367631.026","0",,
"1705367631.028",,"50895",
"1705367681.918","0",,
"1705367681.92",,"50894",
"1705367732.811","0",,
"1705367732.813",,"50894",
"1705367783.705","0",,
"1705367783.707",,"50895",
"1705367834.598","0",,
"1705367834.601",,"50894",
"1705367885.494","0",,
"1705367885.495",,"50895",
"1705367936.387","0",,
"1705367936.389",,"50895",
"1705367987.281","0",,
"1705367987.283",,"50895",
"1705368038.173","0",,
"1705368038.176",,"50894",
"1705368089.067","0",,
"1705368089.069",,"50894",
"1705368139.961","0",,
"1705368139.964",,"50895",
"1705368190.856","0",,
"1705368190.858",,"50896",
"1705368241.749","0",,
"1705368241.752",,"50894",
"1705368292.643","0",,
"1705368292.645",,"50895",
"1705368343.537","0",,
"1705368343.539",,"50895",
"1705368394.431","0",,
"1705368394.433",,"50895",
"1705368445.326","0",,
"1705368445.328",,"50895",
"1705368496.22","0",,
"1705368496.222",,"50895",
"1705368547.113","0",,
"1705368547.115",,"50894",
"1705368598.007","0",,
"1705368598.009",,"50895",
"1705368648.9","0",,
"1705368648.903",,"50895",
"1705368699.794","0",,
"1705368699.796",,"50894",
"1705368750.689","0",,
"1705368750.691",,"50896",
"1705368801.582","0",,
"1705368801.585",,"50895",
"1705368852.476","0",,
"1705368852.478",,"50894",
"1705368903.37","0",,
"1705368903.372",,"50895",
"1705368954.264","0",,
"1705368954.266",,"50895",
"1705369005.157","0",,
"1705369005.159",,"50894",
"1705369056.051","0",,
"1705369056.053",,"50894",
"1705369106.944","0",,
"1705369106.946",,"50895",
"1705369157.838","0",,
"1705369157.84",,"50895",
"1705369208.732","0",,
"1705369208.734",,"50895",
"1705369259.626","0",,
"1705369259.628",,"50895",
"1705369310.52","0",,
"1705369310.522",,"50895",
"1705369361.414","0",,
"1705369361.417",,"50895",
"1705369412.308","0",,
"1705369412.31",,"50894",
"1705369463.202","0",,
"1705369463.205",,"50896",
"1705369514.096","0",,
"1705369514.098",,"50894",
"1705369564.989","0",,
"1705369564.991",,"50894",
"1705369615.879","0",,
"1705369615.881",,"50891",
"1705369666.769","0",,
"1705369666.771",,"50891",
"1705369717.658","0",,
"1705369717.661",,"50890",
"1705369768.548","0",,
"1705369768.55",,"50891",
"1705369819.438","0",,
"1705369819.44",,"50890",
"1705369870.328","0",,
"1705369870.33",,"50892",
"1705369921.218","0",,
"1705369921.22",,"50890",
"1705369972.107","0",,
"1705369972.11",,"50891",
"1705370022.997","0",,
"1705370023",,"50891",
"1705370073.887","0",,
"1705370073.889",,"50891",
"1705370124.776","0",,
"1705370124.778",,"50890",
"1705370175.666","0",,
"1705370175.668",,"50890",
"1705370226.555","0",,
"1705370226.557",,"50890",
"1705370277.444","0",,
"1705370277.446",,"50890",
"1705370328.334","0",,
"1705370328.336",,"50891",
"1705370379.224","0",,
"1705370379.226",,"50891",
"1705370430.113","0",,
"1705370430.115",,"50890",
"1705370481.003","0",,
"1705370481.005",,"50891",
"1705370531.893","0",,
"1705370531.896",,"50891",
"1705370582.782","0",,
"1705370582.785",,"50890",
"1705370633.672","0",,
"1705370633.674",,"50891",
"1705370684.561","0",,
"1705370684.564",,"50890",
"1705370735.451","0",,
"1705370735.453",,"50890",
"1705370786.347","0",,
"1705370786.348",,"50890",
"1705370837.229","0",,
"1705370837.232",,"50891",
"1705370888.119","0",,
"1705370888.121",,"50890",
"1705370939.008","0",,
"1705370939.01",,"50890",
"1705370989.898","0",,
"1705370989.9",,"50891",
"1705371040.787","0",,
"1705371040.789",,"50890",
"1705371091.676","0",,
"1705371091.679",,"50890",
"1705371142.566","0",,
"1705371142.568",,"50891",
"1705371193.456","0",,
"1705371193.458",,"50891",
"1705371244.346","0",,
"1705371244.348",,"50891",
"1705371295.236","0",,
"1705371295.239",,"50891",
"1705371346.126","0",,
"1705371346.128",,"50891",
"1705371397.015","0",,
"1705371397.017",,"50890",
"1705371447.905","0",,
"1705371447.908",,"50891",
"1705371498.796","0",,
"1705371498.798",,"50891",
"1705371549.686","0",,
"1705371549.688",,"50891",
"1705371600.576","0",,
"1705371600.578",,"50891",
"1705371651.465","0",,
"1705371651.468",,"50891",
"1705371702.355","0",,
"1705371702.358",,"50890",
"1705371753.245","0",,
"1705371753.247",,"50891",
"1705371804.135","0",,
"1705371804.137",,"50891",
"1705371855.025","0",,
"1705371855.027",,"50891",
"1705371905.915","0",,
"1705371905.917",,"50891",
"1705371956.805","0",,
"1705371956.807",,"50890",
"1705372007.694","0",,
"1705372007.696",,"50891",
"1705372058.584","0",,
"1705372058.586",,"50890",
"1705372109.474","0",,
"1705372109.476",,"50892",
"1705372160.363","0",,
"1705372160.365",,"50890",
"1705372211.252","0",,
"1705372211.255",,"50890",
"1705372262.142","0",,
"1705372262.144",,"50890",
"1705372313.032","0",,
"1705372313.034",,"50891",
"1705372363.922","0",,
"1705372363.924",,"50891",
"1705372414.811","0",,
"1705372414.813",,"50890",
"1705372465.701","0",,
"1705372465.703",,"50891",
"1705372516.59","0",,
"1705372516.593",,"50890",
"1705372567.48","0",,
"1705372567.482",,"50891",
"1705372618.37","0",,
"1705372618.373",,"50891",
"1705372669.26","0",,
"1705372669.262",,"50891",
"1705372720.153","0","50891",
"1705372771.04","0",,
"1705372771.043",,"50891",
"1705372821.93","0",,
"1705372821.933",,"50891",
"1705372872.82","0",,
"1705372872.822",,"50890",
"1705372923.711","0",,
"1705372923.713",,"50892",
"1705372974.6","0",,
"1705372974.603",,"50891",
"1705373025.49","0",,
"1705373025.492",,"50890",
"1705373076.38","0",,
"1705373076.382",,"50891",
"1705373127.288","0",,
"1705373127.289",,"50891",
"1705373178.16","0",,
"1705373178.163",,"50891",
"1705373229.05","0",,
"1705373229.052",,"50891",
"1705373279.94","0",,
"1705373279.942",,"50891",
"1705373330.83","0",,
"1705373330.832",,"50891",
"1705373381.72","0",,
"1705373381.722",,"50890",
"1705373432.61","0",,
"1705373432.613",,"50892",
"1705373483.5","0",,
"1705373483.502",,"50891",
"1705373534.39","0",,
"1705373534.392",,"50890",
"1705373585.278","0",,
"1705373585.282",,"50890",
"1705373636.168","0",,
"1705373636.17",,"50890",
"1705373687.057","0",,
"1705373687.059",,"50890",
"1705373737.946","0",,
"1705373737.948",,"50890",
"1705373788.836","0",,
"1705373788.838",,"50891",
"1705373839.726","0",,
"1705373839.728",,"50891",
"1705373890.616","0",,
"1705373890.618",,"50891",
"1705373941.505","0",,
"1705373941.508",,"50890",
"1705373992.395","0",,
"1705373992.397",,"50891",
"1705374043.284","0",,
"1705374043.286",,"50890",
"1705374094.174","0",,
"1705374094.176",,"50891",
"1705374145.064","0",,
"1705374145.067",,"50891",
"1705374195.954","0",,
"1705374195.957",,"50891",
"1705374246.844","0",,
"1705374246.846",,"50891",
"1705374297.734","0",,
"1705374297.736",,"50890",
"1705374348.623","0",,
"1705374348.626",,"50891",
"1705374399.513","0",,
"1705374399.515",,"50890",
"1705374450.403","0",,
"1705374450.405",,"50891",
"1705374501.292","0",,
"1705374501.294",,"50890",
"1705374552.182","0",,
"1705374552.184",,"50891",
"1705374603.071","0",,
"1705374603.074",,"50890",
"1705374653.961","0",,
"1705374653.964",,"50891",
"1705374704.851","0",,
"1705374704.853",,"50891",
"1705374755.741","0",,
"1705374755.743",,"50890",
"1705374806.63","0",,
"1705374806.633",,"50891",
"1705374857.52","0",,
"1705374857.522",,"50891",
"1705374908.409","0",,
"1705374908.412",,"50890",
"1705374959.299","0",,
"1705374959.301",,"50891",
"1705375010.19","0",,
"1705375010.192",,"50891",
"1705375061.079","0",,
"1705375061.082",,"50891",
"1705375111.968","0",,
"1705375111.971",,"50890",
"1705375162.859","0",,
"1705375162.861",,"50891",
"1705375213.749","0",,
"1705375213.752",,"50891",
"1705375264.64","0",,
"1705375264.642",,"50891",
"1705375315.53","0",,
"1705375315.532",,"50892",
"1705375366.42","0",,
"1705375366.422",,"50891",
"1705375417.31","0",,
"1705375417.313",,"50891",
"1705375468.201","0",,
"1705375468.203",,"50892",
"1705375519.092","0",,
"1705375519.094",,"50891",
"1705375569.982","0",,
"1705375569.984",,"50891",
"1705375620.872","0",,
"1705375620.874",,"50891",
"1705375671.762","0",,
"1705375671.764",,"50891",
"1705375722.652","0",,
"1705375722.655",,"50892",
"1705375773.542","0",,
"1705375773.544",,"50891",
"1705375824.432","0",,
"1705375824.434",,"50890",
"1705375875.322","0",,
"1705375875.324",,"50891",
"1705375926.212","0",,
"1705375926.214",,"50891",
"1705375977.102","0",,
"1705375977.104",,"50891",
"1705376027.992","0",,
"1705376027.994",,"50891",
"1705376078.882","0",,
"1705376078.884",,"50891",
"1705376129.772","0",,
"1705376129.774",,"50891",
"1705376180.662","0",,
"1705376180.664",,"50890",
"1705376231.551","0",,
"1705376231.553",,"50891",
"1705376282.441","0",,
"1705376282.444",,"50891",
"1705376333.332","0",,
"1705376333.334",,"50891",
"1705376384.221","0",,
"1705376384.224",,"50891",
"1705376435.112","0",,
"1705376435.114",,"50891",
"1705376486.002","0",,
"1705376486.004",,"50891",
"1705376536.892","0",,
"1705376536.894",,"50891",
"1705376587.782","0",,
"1705376587.784",,"50891",
"1705376638.672","0",,
"1705376638.674",,"50890",
"1705376689.561","0",,
"1705376689.563",,"50891",
"1705376740.453","0",,
"1705376740.454",,"50891",
"1705376791.34","0",,
"1705376791.343",,"50890",
"1705376842.23","0",,
"1705376842.233",,"50891",
"1705376893.12","0",,
"1705376893.122",,"50891",
"1705376944.01","0",,
"1705376944.012",,"50890",
"1705376994.901","0",,
"1705376994.903",,"50892",
"1705377045.791","0",,
"1705377045.796",,"50891",
"1705377096.681","0",,
"1705377096.683",,"50891",
"1705377147.572","0",,
"1705377147.574",,"50892",
"1705377198.462","0",,
"1705377198.464",,"50891",
"1705377249.353","0",,
"1705377249.355",,"50892",
"1705377300.244","0",,
"1705377300.246",,"50892",
"1705377351.134","0",,
"1705377351.136",,"50891",
"1705377402.024","0",,
"1705377402.026",,"50891",
"1705377452.914","0",,
"1705377452.917",,"50891",
"1705377503.804","0",,
"1705377503.806",,"50891",
"1705377554.695","0",,
"1705377554.697",,"50891",
"1705377605.585","0",,
"1705377605.587",,"50891",
"1705377656.474","0",,
"1705377656.477",,"50891",
"1705377707.364","0",,
"1705377707.366",,"50890",
"1705377758.254","0",,
"1705377758.256",,"50891",
"1705377809.144","0",,
"1705377809.146",,"50891",
"1705377860.034","0",,
"1705377860.036",,"50891",
"1705377910.925","0",,
"1705377910.927",,"50892",
"1705377961.818","0","50891",
"1705378012.705","0",,
"1705378012.707",,"50891",
"1705378063.595","0",,
"1705378063.597",,"50891",
"1705378114.486","0",,
"1705378114.488",,"50892",
"1705378165.376","0",,
"1705378165.379",,"50891",
"1705378216.266","0",,
"1705378216.269",,"50891",
"1705378267.156","0",,
"1705378267.158",,"50891",
"1705378318.046","0",,
"1705378318.048",,"50891",
"1705378368.936","0",,
"1705378368.938",,"50891",
"1705378419.826","0",,
"1705378419.828",,"50890",
"1705378470.716","0",,
"1705378470.718",,"50891",
"1705378521.606","0",,
"1705378521.609",,"50891",
"1705378572.497","0",,
"1705378572.499",,"50892",
"1705378623.387","0",,
"1705378623.39",,"50891",
"1705378674.277","0",,
"1705378674.28",,"50892",
"1705378725.167","0",,
"1705378725.17",,"50890",
"1705378776.058","0",,
"1705378776.06",,"50891",
"1705378826.949","0",,
"1705378826.951",,"50893",
"1705378877.839","0",,
"1705378877.841",,"50890",
"1705378928.729","0",,
"1705378928.731",,"50891",
"1705378979.619","0",,
"1705378979.621",,"50891",
"1705379030.51","0",,
"1705379030.512",,"50892",
"1705379081.4","0",,
"1705379081.402",,"50891",
"1705379132.29","0",,
"1705379132.292",,"50891",
"1705379183.18","0",,
"1705379183.182",,"50891",
"1705379234.07","0",,
"1705379234.073",,"50892",
"1705379284.961","0",,
"1705379284.963",,"50891",
"1705379335.851","0",,
"1705379335.854",,"50891",
"1705379386.742","0",,
"1705379386.744",,"50892",
"1705379437.631","0",,
"1705379437.633",,"50890",
"1705379488.521","0",,
"1705379488.523",,"50890",
"1705379539.411","0",,
"1705379539.413",,"50891",
"1705379590.301","0",,
"1705379590.304",,"50892",
"1705379641.192","0",,
"1705379641.194",,"50891",
"1705379692.082","0",,
"1705379692.085",,"50892",
"1705379742.972","0",,
"1705379742.974",,"50890",
"1705379793.862","0",,
"1705379793.864",,"50891",
"1705379844.751","0",,
"1705379844.754",,"50891",
"1705379895.641","0",,
"1705379895.643",,"50890",
"1705379946.531","0",,
"1705379946.533",,"50891",
"1705379997.421","0",,
"1705379997.424",,"50891",
"1705380048.311","0",,
"1705380048.313",,"50891",
"1705380099.201","0",,
"1705380099.203",,"50891",
"1705380150.091","0",,
"1705380150.093",,"50891",
"1705380200.982","0",,
"1705380200.984",,"50892",
"1705380251.872","0",,
"1705380251.874",,"50891",
"1705380302.763","0",,
"1705380302.765",,"50891",
"1705380353.652","0",,
"1705380353.654",,"50891",
"1705380404.543","0",,
"1705380404.545",,"50892",
"1705380455.434","0",,
"1705380455.436",,"50891",
"1705380506.323","0",,
"1705380506.326",,"50891",
"1705380557.214","0",,
"1705380557.216",,"50891",
"1705380608.105","0",,
"1705380608.108",,"50893",
"1705380658.998","0",,
"1705380658.999",,"50891",
"1705380709.886","0",,
"1705380709.888",,"50891",
"1705380760.776","0",,
"1705380760.778",,"50891",
"1705380811.666","0",,
"1705380811.668",,"50890",
"1705380862.556","0",,
"1705380862.558",,"50892",
"1705380913.446","0",,
"1705380913.448",,"50891",
"1705380964.336","0",,
"1705380964.338",,"50891",
"1705381015.226","0",,
"1705381015.229",,"50891",
"1705381066.116","0",,
"1705381066.118",,"50891",
"1705381117.006","0",,
"1705381117.008",,"50890",
"1705381167.896","0",,
"1705381167.899",,"50891",
"1705381218.786","0",,
"1705381218.788",,"50891",
"1705381269.676","0",,
"1705381269.678",,"50891",
"1705381320.566","0",,
"1705381320.568",,"50891",
"1705381371.456","0",,
"1705381371.458",,"50891",
"1705381422.345","0",,
"1705381422.348",,"50890",
"1705381473.235","0",,
"1705381473.237",,"50891",
"1705381524.125","0",,
"1705381524.127",,"50891",
"1705381575.014","0",,
"1705381575.017",,"50890",
"1705381625.904","0",,
"1705381625.906",,"50891",
"1705381676.793","0",,
"1705381676.796",,"50890",
"1705381727.683","0",,
"1705381727.685",,"50891",
"1705381778.572","0",,
"1705381778.574",,"50890",
"1705381829.461","0",,
"1705381829.463",,"50890",
"1705381880.35","0",,
"1705381880.353",,"50890",
"1705381931.239","0",,
"1705381931.241",,"50890",
"1705381982.13","0",,
"1705381982.131",,"50890",
"1705382033.018","0",,
"1705382033.021",,"50891",
"1705382083.908","0",,
"1705382083.911",,"50891",
"1705382134.799","0",,
"1705382134.801",,"50891",
"1705382185.689","0",,
"1705382185.691",,"50891",
"1705382236.579","0",,
"1705382236.581",,"50891",
"1705382287.469","0",,
"1705382287.471",,"50891",
"1705382338.359","0",,
"1705382338.361",,"50891",
"1705382389.249","0",,
"1705382389.251",,"50891",
"1705382440.138","0",,
"1705382440.14",,"50890",
"1705382491.028","0",,
"1705382491.03",,"50891",
"1705382541.918","0",,
"1705382541.92",,"50891",
"1705382592.808","0",,
"1705382592.811",,"50891",
"1705382643.698","0",,
"1705382643.701",,"50891",
"1705382694.588","0",,
"1705382694.59",,"50891",
"1705382745.478","0",,
"1705382745.48",,"50891",
"1705382796.368","0",,
"1705382796.371",,"50891",
"1705382847.258","0",,
"1705382847.26",,"50890",
"1705382898.148","0",,
"1705382898.151",,"50892",
"1705382949.038","0",,
"1705382949.041",,"50891",
"1705382999.929","0",,
"1705382999.931",,"50891",
"1705383050.818","0",,
"1705383050.821",,"50891",
"1705383101.709","0",,
"1705383101.711",,"50891",
"1705383152.599","0",,
"1705383152.601",,"50891",
"1705383203.489","0",,
"1705383203.491",,"50891",
"1705383254.379","0",,
"1705383254.381",,"50891",
"1705383305.269","0",,
"1705383305.271",,"50891",
"1705383356.159","0",,
"1705383356.161",,"50890",
"1705383407.048","0",,
"1705383407.05",,"50891",
"1705383457.938","0",,
"1705383457.94",,"50891",
"1705383508.828","0",,
"1705383508.831",,"50891",
"1705383559.718","0",,
"1705383559.721",,"50891",
"1705383610.608","0",,
"1705383610.611",,"50891",
"1705383661.501","0",,
"1705383661.503",,"50891",
"1705383712.392","0",,
"1705383712.394",,"50892",
"1705383763.282","0",,
"1705383763.284",,"50893",
"1705383814.172","0",,
"1705383814.175",,"50892",
"1705383865.062","0",,
"1705383865.064",,"50890",
"1705383915.953","0",,
"1705383915.956",,"50893",
"1705383966.844","0",,
"1705383966.846",,"50891",
"1705384017.735","0",,
"1705384017.737",,"50892",
"1705384068.626","0",,
"1705384068.628",,"50892",
"1705384119.516","0",,
"1705384119.518",,"50891",
"1705384170.406","0",,
"1705384170.409",,"50891",
"1705384221.298","0",,
"1705384221.3",,"50893",
"1705384272.189","0",,
"1705384272.191",,"50891",
"1705384323.079","0",,
"1705384323.082",,"50892",
"1705384373.97","0",,
"1705384373.972",,"50891",
